{"trainingPerformance": [61.00095785440613, 79.07686781609195, 95.27418582375479, 95.70522030651341, 95.92911877394636, 95.88721264367815, 96.0823754789272, 96.07040229885058, 96.07998084291188, 96.08716475095785, 95.8824233716475], "testPerformance": [60.4382183908046, 95.35919540229885, 99.61206896551724, 99.76293103448276, 99.24568965517241, 99.92097701149426, 100.0, 99.92816091954023, 99.99281609195403, 100.0, 100.0], "args": {"network_style": "recurrent", "create_new_dataset": true, "include_fillers": true, "which_context": 0, "all_fullrange": false, "retain_hidden_state": true, "label_context": "true", "block_int_ttsplit": false, "retrain_decoder": false, "original_model_name": "", "modeltype": "aggregate", "train_lesion_freq": 0.1, "batch_size_multi": [1], "lr_multi": [0.0001], "batch_size": 1, "test_batch_size": 1, "epochs": 10, "lr": 0.0001, "momentum": 0.9, "no_cuda": false, "seed": 1, "log_interval": 10, "weight_decay": 0.0, "save_model": false, "recurrent_size": 200, "hidden_size": 200, "BPTT_len": 120, "noise_std": 0.0, "model_id": 0}}