{"trainingPerformance": [44.48754789272031, 82.15756704980843, 95.36877394636015, 95.71958812260536, 95.94827586206897, 96.11111111111111, 96.09434865900383, 96.03568007662835, 96.044061302682, 96.05124521072797, 95.97341954022988], "testPerformance": [44.583333333333336, 96.25, 98.90086206896552, 99.691091954023, 99.64798850574712, 99.98563218390805, 100.0, 99.99281609195403, 100.0, 100.0, 100.0], "args": {"network_style": "recurrent", "create_new_dataset": true, "include_fillers": true, "which_context": 0, "all_fullrange": false, "retain_hidden_state": true, "label_context": "true", "block_int_ttsplit": false, "retrain_decoder": false, "original_model_name": "", "modeltype": "aggregate", "train_lesion_freq": 0.1, "batch_size_multi": [1], "lr_multi": [0.0001], "batch_size": 1, "test_batch_size": 1, "epochs": 10, "lr": 0.0001, "momentum": 0.9, "no_cuda": false, "seed": 1, "log_interval": 10, "weight_decay": 0.0, "save_model": false, "recurrent_size": 200, "hidden_size": 200, "BPTT_len": 120, "noise_std": 0.0, "model_id": 0}}