{"trainingPerformance": [50.19755747126437, 79.40972222222223, 95.19157088122606, 95.91115900383141, 95.88840996168582, 96.1985153256705, 96.04166666666667, 96.22485632183908, 96.14463601532567, 96.0308908045977, 96.01053639846744], "testPerformance": [49.92097701149425, 94.38936781609195, 99.26724137931035, 99.31752873563218, 99.99281609195403, 100.0, 100.0, 100.0, 100.0, 100.0, 100.0], "args": {"network_style": "recurrent", "create_new_dataset": true, "include_fillers": true, "which_context": 0, "all_fullrange": false, "retain_hidden_state": true, "label_context": "true", "block_int_ttsplit": false, "retrain_decoder": false, "original_model_name": "", "modeltype": "aggregate", "train_lesion_freq": 0.1, "batch_size_multi": [1], "lr_multi": [0.0001], "batch_size": 1, "test_batch_size": 1, "epochs": 10, "lr": 0.0001, "momentum": 0.9, "no_cuda": false, "seed": 1, "log_interval": 10, "weight_decay": 0.0, "save_model": false, "recurrent_size": 200, "hidden_size": 200, "BPTT_len": 120, "noise_std": 0.0, "model_id": 0}}