{"trainingPerformance": [44.25766283524904, 76.92887931034483, 94.67911877394636, 95.7734674329502, 96.09315134099617, 96.12787356321839, 96.16858237547893, 96.38649425287356, 96.356561302682, 96.33022030651341, 96.34458812260536], "testPerformance": [44.92816091954023, 86.91091954022988, 98.16091954022988, 99.45402298850574, 98.433908045977, 99.5617816091954, 100.0, 100.0, 99.99281609195403, 99.94971264367815, 100.0], "args": {"network_style": "recurrent", "create_new_dataset": true, "include_fillers": true, "which_context": 0, "all_fullrange": false, "retain_hidden_state": true, "label_context": "true", "block_int_ttsplit": false, "retrain_decoder": false, "original_model_name": "", "modeltype": "aggregate", "train_lesion_freq": 0.1, "batch_size_multi": [1], "lr_multi": [0.0001], "batch_size": 1, "test_batch_size": 1, "epochs": 10, "lr": 0.0001, "momentum": 0.9, "no_cuda": false, "seed": 1, "log_interval": 10, "weight_decay": 0.0, "save_model": false, "recurrent_size": 200, "hidden_size": 200, "BPTT_len": 120, "noise_std": 0.0, "model_id": 0}}