{"trainingPerformance": [49.997605363984675, 78.6853448275862, 95.03831417624521, 95.90277777777777, 96.0632183908046, 96.05483716475096, 95.9375, 96.10632183908046, 96.2080938697318, 95.97222222222223, 96.23682950191571], "testPerformance": [50.13649425287356, 90.28735632183908, 99.3103448275862, 99.52586206896552, 99.97126436781609, 99.10201149425288, 99.99281609195403, 99.99281609195403, 99.94971264367815, 99.99281609195403, 100.0], "args": {"network_style": "recurrent", "create_new_dataset": true, "include_fillers": true, "which_context": 0, "all_fullrange": false, "retain_hidden_state": true, "label_context": "true", "block_int_ttsplit": false, "retrain_decoder": false, "original_model_name": "", "modeltype": "aggregate", "train_lesion_freq": 0.1, "batch_size_multi": [1], "lr_multi": [0.0001], "batch_size": 1, "test_batch_size": 1, "epochs": 10, "lr": 0.0001, "momentum": 0.9, "no_cuda": false, "seed": 1, "log_interval": 10, "weight_decay": 0.0, "save_model": false, "recurrent_size": 200, "hidden_size": 200, "BPTT_len": 120, "noise_std": 0.0, "model_id": 0}}