{"trainingPerformance": [49.419642857142854, 94.765697945845, 96.12161531279179, 96.2546685340803, 96.15750466853407, 96.23628618113912, 96.10790149393091, 96.20506535947712, 96.19193510737628, 96.27888655462185, 96.14933473389355], "testPerformance": [49.404761904761905, 100.0, 100.0, 100.0, 100.0, 100.0, 100.0, 100.0, 100.0, 100.0, 100.0], "args": {"network_style": "recurrent", "create_new_dataset": true, "include_fillers": false, "which_context": 1, "all_fullrange": true, "retain_hidden_state": true, "label_context": "true", "block_int_ttsplit": false, "retrain_decoder": false, "original_model_name": "", "modeltype": "aggregate", "train_lesion_freq": 0.1, "batch_size_multi": [1], "lr_multi": [0.0001], "batch_size": 1, "test_batch_size": 1, "epochs": 10, "lr": 0.0001, "momentum": 0.9, "no_cuda": false, "seed": 1, "log_interval": 10, "weight_decay": 0.0, "save_model": false, "recurrent_size": 200, "hidden_size": 200, "BPTT_len": 120, "noise_std": 0.0, "model_id": 0}}