{"trainingPerformance": [44.12173202614379, 97.73984593837535, 98.5235760971055, 98.50373482726424, 98.48797852474323, 98.46230158730158, 98.49760737628385, 98.47047152194212, 98.50869514472456, 98.54691876750701, 98.53524743230625], "testPerformance": [44.11939775910364, 100.0, 100.0, 100.0, 100.0, 100.0, 100.0, 100.0, 100.0, 100.0, 100.0], "args": {"network_style": "recurrent", "create_new_dataset": true, "include_fillers": false, "which_context": 0, "all_fullrange": true, "retain_hidden_state": true, "label_context": "true", "block_int_ttsplit": false, "retrain_decoder": false, "original_model_name": "", "modeltype": "aggregate", "train_lesion_freq": 0.1, "batch_size_multi": [1], "lr_multi": [0.0001], "batch_size": 1, "test_batch_size": 1, "epochs": 10, "lr": 0.0001, "momentum": 0.9, "no_cuda": false, "seed": 1, "log_interval": 10, "weight_decay": 0.0, "save_model": false, "recurrent_size": 200, "hidden_size": 200, "BPTT_len": 120, "noise_std": 0.0, "model_id": 2}}