{"trainingPerformance": [49.91379310344828, 71.04645593869732, 87.41139846743295, 93.74281609195403, 94.36661877394636, 94.85991379310344, 95.20354406130268, 95.2574233716475, 95.28975095785441, 95.3029214559387, 95.209530651341], "testPerformance": [50.26580459770115, 76.9683908045977, 95.38074712643679, 98.83620689655173, 99.5330459770115, 99.8419540229885, 99.52586206896552, 99.38936781609195, 99.63362068965517, 99.71982758620689, 99.89942528735632], "args": {"network_style": "recurrent", "create_new_dataset": true, "include_fillers": true, "which_context": 0, "all_fullrange": false, "retain_hidden_state": true, "label_context": "true", "block_int_ttsplit": false, "retrain_decoder": false, "original_model_name": "", "modeltype": "aggregate", "train_lesion_freq": 0.1, "batch_size_multi": [1], "lr_multi": [0.0001], "batch_size": 1, "test_batch_size": 1, "epochs": 10, "lr": 0.0001, "momentum": 0.9, "no_cuda": false, "seed": 1, "log_interval": 10, "weight_decay": 0.0, "save_model": false, "recurrent_size": 200, "hidden_size": 200, "BPTT_len": 120, "noise_std": 0.0, "model_id": 0}}