{"trainingPerformance": [56.400862068965516, 78.60991379310344, 94.84674329501915, 95.89319923371647, 95.99018199233717, 96.22964559386973, 96.24401340996168, 96.17217432950191, 96.35416666666667, 96.35895593869732, 96.25478927203065], "testPerformance": [56.60201149425287, 92.88074712643679, 98.51293103448276, 99.20258620689656, 99.86350574712644, 99.5617816091954, 100.0, 99.77011494252874, 100.0, 100.0, 99.99281609195403], "args": {"network_style": "recurrent", "create_new_dataset": true, "include_fillers": true, "which_context": 0, "all_fullrange": false, "retain_hidden_state": true, "label_context": "true", "block_int_ttsplit": false, "retrain_decoder": false, "original_model_name": "", "modeltype": "aggregate", "train_lesion_freq": 0.1, "batch_size_multi": [1], "lr_multi": [0.0001], "batch_size": 1, "test_batch_size": 1, "epochs": 10, "lr": 0.0001, "momentum": 0.9, "no_cuda": false, "seed": 1, "log_interval": 10, "weight_decay": 0.0, "save_model": false, "recurrent_size": 200, "hidden_size": 200, "BPTT_len": 120, "noise_std": 0.0, "model_id": 0}}