{"trainingPerformance": [41.3338122605364, 78.57040229885058, 94.99401340996168, 95.941091954023, 95.87883141762453, 95.99736590038314, 96.04525862068965, 96.13146551724138, 96.2404214559387, 96.13266283524904, 96.10632183908046], "testPerformance": [41.724137931034484, 93.00287356321839, 98.13218390804597, 99.15948275862068, 100.0, 99.41091954022988, 99.67672413793103, 98.82183908045977, 100.0, 100.0, 99.97844827586206], "args": {"network_style": "recurrent", "create_new_dataset": true, "include_fillers": true, "which_context": 0, "all_fullrange": false, "retain_hidden_state": true, "label_context": "true", "block_int_ttsplit": false, "retrain_decoder": false, "original_model_name": "", "modeltype": "aggregate", "train_lesion_freq": 0.1, "batch_size_multi": [1], "lr_multi": [0.0001], "batch_size": 1, "test_batch_size": 1, "epochs": 10, "lr": 0.0001, "momentum": 0.9, "no_cuda": false, "seed": 1, "log_interval": 10, "weight_decay": 0.0, "save_model": false, "recurrent_size": 200, "hidden_size": 200, "BPTT_len": 120, "noise_std": 0.0, "model_id": 0}}