{"trainingPerformance": [42.26293103448276, 79.18582375478927, 94.92935823754789, 95.86326628352491, 95.96863026819923, 96.18175287356321, 96.1889367816092, 96.23323754789271, 96.3014846743295, 96.1242816091954, 96.25598659003832], "testPerformance": [42.133620689655174, 95.45977011494253, 98.49137931034483, 99.48275862068965, 99.9066091954023, 99.75574712643679, 100.0, 99.98563218390805, 99.97844827586206, 100.0, 100.0], "args": {"network_style": "recurrent", "create_new_dataset": true, "include_fillers": true, "which_context": 0, "all_fullrange": false, "retain_hidden_state": true, "label_context": "true", "block_int_ttsplit": false, "retrain_decoder": false, "original_model_name": "", "modeltype": "aggregate", "train_lesion_freq": 0.1, "batch_size_multi": [1], "lr_multi": [0.0001], "batch_size": 1, "test_batch_size": 1, "epochs": 10, "lr": 0.0001, "momentum": 0.9, "no_cuda": false, "seed": 1, "log_interval": 10, "weight_decay": 0.0, "save_model": false, "recurrent_size": 200, "hidden_size": 200, "BPTT_len": 120, "noise_std": 0.0, "model_id": 0}}