{"trainingPerformance": [61.6984710550887, 94.93288982259571, 96.28384687208217, 96.41281512605042, 96.3874299719888, 96.41135620915033, 96.38859710550886, 96.45716619981326, 96.42827964519141, 96.39209850606909, 96.4046451914099], "testPerformance": [61.528361344537814, 100.0, 100.0, 100.0, 100.0, 100.0, 100.0, 100.0, 100.0, 100.0, 100.0], "args": {"network_style": "recurrent", "create_new_dataset": true, "include_fillers": false, "which_context": 0, "all_fullrange": true, "retain_hidden_state": true, "label_context": "true", "block_int_ttsplit": false, "retrain_decoder": false, "original_model_name": "", "modeltype": "aggregate", "train_lesion_freq": 0.1, "batch_size_multi": [1], "lr_multi": [0.0001], "batch_size": 1, "test_batch_size": 1, "epochs": 10, "lr": 0.0001, "momentum": 0.9, "no_cuda": false, "seed": 1, "log_interval": 10, "weight_decay": 0.0, "save_model": false, "recurrent_size": 200, "hidden_size": 200, "BPTT_len": 120, "noise_std": 0.0, "model_id": 1}}