{"trainingPerformance": [49.98336834733894, 95.95792483660131, 96.5732959850607, 96.51289682539682, 96.61823062558356, 96.55724789915966, 96.5905112044818, 96.53944911297853, 96.49626517273576, 96.62435807656396, 96.56104108309991], "testPerformance": [50.003501400560225, 100.0, 100.0, 100.0, 100.0, 100.0, 100.0, 100.0, 100.0, 100.0, 100.0], "args": {"network_style": "recurrent", "create_new_dataset": true, "include_fillers": false, "which_context": 0, "all_fullrange": false, "retain_hidden_state": true, "label_context": "true", "block_int_ttsplit": false, "retrain_decoder": false, "original_model_name": "", "modeltype": "aggregate", "train_lesion_freq": 0.1, "batch_size_multi": [1], "lr_multi": [0.0001], "batch_size": 1, "test_batch_size": 1, "epochs": 10, "lr": 0.0001, "momentum": 0.9, "no_cuda": false, "seed": 1, "log_interval": 10, "weight_decay": 0.0, "save_model": false, "recurrent_size": 200, "hidden_size": 200, "BPTT_len": 120, "noise_std": 0.0, "model_id": 2}}