{"trainingPerformance": [51.81992337164751, 76.7109674329502, 94.71384099616859, 95.68366858237547, 95.8824233716475, 96.20689655172414, 96.3050766283525, 96.04166666666667, 96.26556513409962, 96.41522988505747, 96.29310344827586], "testPerformance": [51.76724137931034, 86.54454022988506, 97.17672413793103, 99.66954022988506, 99.94252873563218, 99.70545977011494, 100.0, 99.86350574712644, 100.0, 99.99281609195403, 100.0], "args": {"network_style": "recurrent", "create_new_dataset": true, "include_fillers": true, "which_context": 0, "all_fullrange": false, "retain_hidden_state": true, "label_context": "true", "block_int_ttsplit": false, "retrain_decoder": false, "original_model_name": "", "modeltype": "aggregate", "train_lesion_freq": 0.1, "batch_size_multi": [1], "lr_multi": [0.0001], "batch_size": 1, "test_batch_size": 1, "epochs": 10, "lr": 0.0001, "momentum": 0.9, "no_cuda": false, "seed": 1, "log_interval": 10, "weight_decay": 0.0, "save_model": false, "recurrent_size": 200, "hidden_size": 200, "BPTT_len": 120, "noise_std": 0.0, "model_id": 0}}